{"cameraMode":{"drawMode":0,"name":"Shaded","section":"Shading Mode"},"sceneLighting":true,"audioPlay":false,"sceneViewState":{"m_AlwaysRefresh":false,"showFog":true,"showSkybox":true,"showFlares":true,"showImageEffects":true,"showParticleSystems":true,"showVisualEffectGraphs":true,"m_FxEnabled":true},"in2DMode":false,"pivot":{"x":1.589564323425293,"y":0.42748165130615237,"z":-1.6692371368408204},"rotation":{"x":-0.06965461373329163,"y":0.9242575168609619,"z":-0.20455743372440339,"w":-0.31472304463386538},"size":9.879114151000977,"orthographic":false}